,reactions,id
2,CCCC[Sn](CCCC)(CCCC)CO[C@@H]1C[C@H](C=C1)N(CC=C)C(=O)OC(C)(C)C>>CC(C)(C)OC(=O)N(CC=C)[C@@H]1CC=C[C@H]1CO.CCCC[SnH](CCCC)CCCC,complex_2
8,OC1(C=CC(=O)C=C1)C#Cc1ccccc1.C=C1CC(=O)O1>>CC(=O)Cc1cc(ccc1O)C#Cc1ccccc1,complex_8
14,O=Cc1ccccc1.C[Si](C)(C)CC=C>>OC(CC=C)c1ccccc1,complex_14
19,CC1(C)C2CCC1(O)C(=C)C2.O>>CC1(C)C2CCC(CO)(C2)C1=O,complex_19
22,CC(=C)[C@@H](O)[C@@H](O)C(C)=C.CC(C)=O>>CC(=C)[C@@H]1OC(C)(C)C[C@]1(C)C=O,complex_22
26,[H][C@]12CC(Cl)[C@](C)(C=C)C([N+]#[C-])=C1C1(Cl)C3=C(C=CC=C3)N=C1C2(C)C>>[H][C@]12C[C@@H](Cl)[C@@](C)(C=C)C([N+]#[C-])=C1[C@]1(C(=O)Nc3ccccc13)C2(C)C,complex_26
27,[H][C@]12CC(Cl)[C@](C)(C=C)C([N+]#[C-])=C1C1=C(NC3=C1C=CC=C3)C2(C)C>>[H][C@]12C[C@@H](Cl)[C@@](C)(C=C)C([N+]#[C-])=C1[C@]1(C(=O)Nc3ccccc13)C2(C)C,complex_27
31,[H][C@]12CCN(C(=O)OCC)[C@]1([H])[C@H](CCO[Si](C)(C)C(C)(C)C)[C@H](O)C=C2>>[H][C@]12CCN(C(=O)OCC)[C@]1([H])[C@H](CCO[Si](C)(C)C(C)(C)C)C=C[C@@H]2C(N)=O,complex_31
32,CO[C@@H]1C[C@@H]2OC(=O)CC2C(=C)O1.O>>OC1C[C@@H]2OC(=O)CC2C(=O)C1,complex_32
33,CC1(C)C[C@@H](O)[C@]2(O)CC3=COC=C3C=C2C1>>CC1(C)CC2C(C1)=CC1=COC=C1CC2=O,complex_33
35,[H][C@]12CC=C[C@@]1([H])CC(=C2)[C@@]1(CCC[C@H]1CC(OC)OC)O[Si](CC)(CC)CC>>[H][C@]12CC(OC)[C@]3([H])[C@@]4([H])CC=C[C@@]4([H])C[C@]13C(=O)CCC2.CC[SiH](CC)CC,complex_35
37,O=C1CCCCC1.CC(=O)\C=C\c1ccccc1>>O=C1CC(C2CCCCC2=C1)c1ccccc1,complex_37
41,O=CCCC=O>>OC1CC2C=C(CC2O1)C=O,complex_41
42,O=CCCC=O.O=CCCC=O>>OC1CC2C=C(CC2O1)C=O,complex_42
43,C=COCC.CC(=O)C1(CC1)C#Cc1ccccc1.O>>C[C@@]12CC[C@]1(O)C(=CC2)C(=O)c1ccccc1,complex_43
44,CCOC=C.CC#CC1(CC1)C(C)=O.O>>CC(=O)C1=CC[C@]2(C)CC[C@]12O,complex_44
47,[H][C@@]12C[C@@]3(C(=O)OC)C(=O)CC[C@@]13CC([C@H]2OC(=S)N1C=CN=C1)C(C)(C)O>>COC(=O)C1CC(=O)CC[C@]11CC(C=C1)C(C)(C)O,complex_47
48,C1N=C1c1ccccc1.O=C1C(=C(C(=C1c1ccccc1)c1ccccc1)c1ccccc1)c1ccccc1>>c1ccc(cc1)C1C=NC(c2ccccc2)=C(c2ccccc2)C(c2ccccc2)=C1c1ccccc1,complex_48
53,O=C1C(=C(C(=C1c1ccccc1)c1ccccc1)c1ccccc1)c1ccccc1.N#Cc1ccccc1>>c1ccc(cc1)-c1nc(-c2ccccc2)c(-c2ccccc2)c(-c2ccccc2)c1-c1ccccc1,complex_53
55,OC1=CC(=O)NC=C1c1ccccc1.C\C=C\C=C\CCC[C@@H](C)C=O>>[H][C@@]12CCC[C@@H](C)[C@]1([H])C1=C(O[C@H]2\C=C\C)C(=CNC1=O)c1ccccc1,complex_55
73,CC(C)([Si](C)(OC[C@H]1OC(C)(O[C@H]1[C@H](C=C)O)C)C)C.COC(OC)(OC)C>>COC(CC/C=C/[C@@H]1OC(C)(O[C@@H]1CO[Si](C)(C(C)(C)C)C)C)=O.CO,complex_73
74,CONC([C@H]1OC(C)(O[C@H]1/C=C/CCC(OC)=O)C)=O>>[H][C@]1([C@@]2([C@@H]3OC(C)(O[C@@H]3C(N2OC)=O)C)[H])CCC(O1)=O,complex_74
75,[H][C@]1([C@@]2([C@@H]3OC(C)(O[C@@H]3C(N2OC)=O)C)[H])CCC(O1)=O>>[H][C@]1([C@@H](CCCO)O)NC[C@H]2OC(C)(O[C@@H]12)C.CO.O,complex_75
77,CCOC(=O)CCCCC(=O)OCC>>O=C1CCCC1.CCO.CCO,complex_77
78,NC(=N)C(\N=N\c1ccccc1)C(N)=O.Clc1ccc(C=O)cc1.Clc1ccc(C=O)cc1>>Clc1ccc(cc1)-c1nc2N=C(NC(=O)c2[nH]1)c1ccc(Cl)cc1.Nc1ccccc1,complex_78
79,ClC1CCCCC1=O.CO>>COC(=O)C1CCCC1.[Cl-],complex_79
81,CC1(O)CCCC1.CCCCN=[N+]=[N-]>>CCCCN1CCCCC1C.N#N,complex_81
84,CO[C@H]1C[C@H](S[Si](C)(C)C)[C@@H](CO1)OC(=O)N[Si](C)(C)C.CCc1cnc(O[Si](C)(C)C)nc1O[Si](C)(C)C>>CCC1=CN(C(CC2SC2CO)OC)C(=O)NC1=O.C[Si+](C)C.C[Si+](C)C.C[Si+](C)C.C[Si](C)(C)N.O=C=O,complex_84
88,CCC=O>>CC\C=C(/C)C=O,complex_88
89,CN1C=C(C)C(=O)NC1=O>>[H][C@]1(N(C)C(=O)NC(=O)[C@]1(C)O)C1=NC(=O)N(C)C=C1C,complex_89
90,[H]C(=O)c1ccccc1>>OC(C(=O)c1ccccc1)c1ccccc1,complex_90
91,CC(C)(O)C(C)(C)O>>CC(=O)C(C)(C)C,complex_91
92,COC(=O)CC(C)=O.O=Cc1ccccc1.NC(N)=O>>COC(=O)C1C(C)NC(=O)NC1c1ccccc1,complex_92
93,CCC(C)=O.COC(=O)CC#N.[S--]>>COC(=O)C1=C(N)SC(C)=C1C,complex_93
94,[H]C(C)=O.CCC(=O)CC(=O)OC(C)C.N>>CCC1=C(C(C)C(C(=O)OC(C)C)=C(CC)N1)C(=O)OC(C)C,complex_94
95,[H]C([H])=O.CCNCC.CCCC(C)=O>>CCC(CN(CC)CC)C(C)=O,complex_95
96,CCC#CC1=C(O)C=CC(=C1)N(=O)=O.CC(=O)Oc1ccc(I)cc1.[C-]#[O+]>>CCC1=C(C(=O)c2ccc(OC(C)=O)cc2)c2cc(ccc2O1)N(=O)=O,complex_96
97,CC\C(OC)=C(/C#N)c1ccc(Cl)cc1.NC(N)=N>>CCC1=C(C(N)=NC(N)=N1)c1ccc(Cl)cc1,complex_97
98,COC(=O)\C=C(\C)N.CC(=O)C#C>>COC(=O)C1=C(C)N=C(C)C=C1,complex_98
101,[H]\C(CC)=N/CC.Cc1ccc(cc1)S(=O)(=O)CN=C>>CCN1C=NC=C1CC.Cc1ccc(cc1)S(=O)=O,complex_101
102,C[Mg]Br.C[Si](C)(C)OC1=CC=CO1>>CC1OC(=O)C=C1.C[Si+](C)C.[Br-].[Mg++],complex_102
103,C=CCOCC#CCOCC=C>>C1OCC(=C1)C1=CCOC1,complex_103
104,Cc1ccc(cc1)S(=O)(=O)N(CC=C)C1CC(C=C1)N(CC=C)S(=O)(=O)c1ccc(C)cc1>>CC1=CC=C(C=C1)S(=O)(=O)N1CC=CC1C1C=CCN1S(=O)(=O)C1=CC=C(C)C=C1,complex_104
105,FC1=CC=CC=C1I.[C-]#[O+].[S-].CCC#C>>CCC1=CC(=O)c2ccccc2S1,complex_105
106,C=C1CCCCC1=C.CCC1CO1.O=C=O>>CCC1CC2(CCCCC2=C)CC(=O)O1.O,complex_106
110,N#CC1=CN=NC=C1C#N.C1C\C=C/CC\C=C/1>>N#CC1=C(C#N)C2C3CCC2C2CCC3C12,complex_110
111,N(C)[C@@H]1CCC[C@@]1(O)C(=C)C1=CC=CC=C1>>CC1CC2(C(CCCC2=O)N1C)C1=CC=CC=C1,complex_111
112,O=C(CC1C=CCS1(=O)=O)N(CC1=CC=CC=C1)\C=C\C1=CC=CC=C1>>[H][C@]12CC(=O)N(CC3=CC=CC=C3)[C@@]1([H])[C@@H](CC=C2)C1=CC=CC=C1,complex_112
113,C=CCOC1(CCCCC1)OCC=C>>C=CCC1CCCCC1=O,complex_113
114,C1N=NCC2=CC=CC=C12.C1N=NCC2=CC=CC=C12>>C=C1C=CC=CC11CCC2=C(C1)C=CC=C2,complex_114
115,CC1=C(CC1)C#CC(O)C(C)(C)CC=C>>CC12CCC1=C([S+]([O-])C1=CC=CC=C1)C1=CC(C)(C)CC1C2,complex_115
116,CC1CCCN1CCc1ccc2cc(ccc2c1)C(O)c1cccc(F)c1>>CC1CCCN1CCc1ccc2cc(ccc2c1)C(=O)c1cccc(F)c1,patent_0
117,CCOC(=O)C(C)(C)Oc1ccc(C)nc1.O>>Cc1ccc(OC(C)(C)C(O)=O)cn1,patent_1
118,COC(=O)c1cc(NS(=O)(=O)c2ccc(cn2)C(C)C)c(Oc2ccccc2OC)c(OCCOC2CCCCO2)c1>>COC(=O)c1cc(NS(=O)(=O)c2ccc(cn2)C(C)C)c(Oc2ccccc2OC)c(OCCO)c1,patent_2
119,CCOC(=O)CCN(C)C(=O)c1ccc(NC(C(CC)CC)c2oc3ccc(F)cc3c2C)cc1.O>>CCC(CC)C(Nc1ccc(cc1)C(=O)N(C)CCC(O)=O)c1oc2ccc(F)cc2c1C,patent_3
120,COC(=O)C(CC(C)C)NCc1ccc(Br)cc1.O>>CC(C)CC(NCc1ccc(Br)cc1)C(O)=O,patent_4
121,COc1ccc2c(OCCn3cc(ccc3=O)C3OCCC=C3)ccnc2c1>>COc1ccc2c(OCCn3cc(ccc3=O)C3CCCCO3)ccnc2c1,patent_5
122,CC(C)(C)OC(=O)NC1CCN(N=C2CCN(CC2)c2ccncc2)C1=O>>CC(C)(C)OC(=O)NC1CCN(NC2CCN(CC2)c2ccncc2)C1=O,patent_6
123,O.COC(=O)CC1Nc2ccc(cc2CN(C)C1=O)C(=O)NCc1cc2ccccc2[nH]1>>CN1Cc2cc(ccc2NC(CC(O)=O)C1=O)C(=O)NCc1cc2ccccc2[nH]1,patent_7
124,CCOC(=O)c1cn(C2CC2)c2c(F)c(F)c(F)c(C)c2c1=O.O>>Cc1c(F)c(F)c(F)c2n(cc(C(O)=O)c(=O)c12)C1CC1,patent_8
125,COc1ccc2c(C(=O)c3ccc(OCCN4CCCCC4)cc3)c(ccc2c1)-c1cc(F)ccc1F>>Oc1ccc2c(C(=O)c3ccc(OCCN4CCCCC4)cc3)c(ccc2c1)-c1cc(F)ccc1F,patent_9
126,CNC(=O)c1oc(CSCCN)cc1-c1ccccc1>>CNCc1oc(CSCCN)cc1-c1ccccc1,patent_10
127,CC(=O)Cn1nc(cc1C)[N+]([O-])=O>>CC(O)Cn1nc(cc1C)[N+]([O-])=O,patent_11
128,CCOc1cc(ccc1OC)C(O)c1ccc(OC)c(C)c1>>CCOc1cc(ccc1OC)C(=O)c1ccc(OC)c(C)c1,patent_12
129,CC(OC(C)=O)c1nccc(n1)N1CCc2ccc(cc2C1)S(=O)(=O)N(C)C>>CC(O)c1nccc(n1)N1CCc2ccc(cc2C1)S(=O)(=O)N(C)C,patent_13
130,CC(C)(C)C(=O)C(=Cc1ccc(Cl)cc1Cl)n1cncn1>>CC(C)(C)C(O)C(=Cc1ccc(Cl)cc1Cl)n1cncn1,patent_14
131,CCOC(=O)c1ccccc1CCc1ccc2oc(cc2c1)-c1nc(cs1)C(C)(C)C.O>>CC(C)(C)c1csc(n1)-c1cc2cc(CCc3ccccc3C(O)=O)ccc2o1,patent_15
132,OCCC=C1CCCOC1>>OCCCC1CCCOC1,patent_16
133,CCOC(=O)C=Cc1nc(COc2ccc(COc3nn(cc3C=CP(=O)(OCC)OCC)-c3ccccc3)cc2OC)c(C)o1.O>>CCOP(=O)(OCC)C=Cc1cn(nc1OCc1ccc(OCc2nc(C=CC(O)=O)oc2C)c(OC)c1)-c1ccccc1,patent_17
134,Cc1sc(C(=O)C=Cc2ccc(cc2)C(O)=O)c2CC3C(c12)C3(C)C>>Cc1sc(C(=O)CCc2ccc(cc2)C(O)=O)c2CC3C(c12)C3(C)C,patent_18
135,COc1ccc2c(c1)sc1nc(c[n]21)C(O)C1CC1>>COc1ccc2c(c1)sc1nc(c[n]21)C(=O)C1CC1,patent_19
136,COc1ccc([N+]([O-])=O)c2nc(C)sc12>>Cc1nc2c(ccc(O)c2s1)[N+]([O-])=O,patent_20
137,COc1cc(OC)cc(c1)C(O)c1cccc(OCc2ccccc2)c1>>COc1cc(OC)cc(c1)C(=O)c1cccc(OCc2ccccc2)c1,patent_21
138,CC(C)(C)N(CC([O-])=O)C(=O)C1=C(O)C2(CCOCC2)c2c(Cl)cccc2C1=O>>OC(=O)CNC(=O)C1=C(O)C2(CCOCC2)c2c(Cl)cccc2C1=O,patent_22
139,COc1cc(F)c(F)c(C(=O)c2cnc(NC3CCN(CC3)S(C)(=O)=O)nc2N)c1OC>>COc1cc(F)c(F)c(C(=O)c2cnc(NC3CCN(CC3)S(C)(=O)=O)nc2N)c1O,patent_23
140,CCn1c(nc(F)c1[Si](C)(C)C)-c1cccc2ccccc12>>CCn1cc(F)nc1-c1cccc2ccccc12,patent_24
141,COC(=O)C(CC(C)C)N1C(C(N2C(COC2=O)c2ccccc2)C1=O)c1ccccc1C=C.O>>CC(C)CC(N1C(C(N2C(COC2=O)c2ccccc2)C1=O)c1ccccc1C=C)C(O)=O,patent_25
142,CNc1ccc(c(OC)c1)-c1ccc2nonc2c1>>CNc1ccc(c(O)c1)-c1ccc2nonc2c1,patent_26
143,CCOC(=O)c1ccc(OCCCCCCP(=O)(OCC)OCC)cc1.O>>CCOP(=O)(CCCCCCOc1ccc(cc1)C(O)=O)OCC,patent_27
144,CC(C)(C)OC(=O)N1CCCC(C1)=Cc1ccc(F)cc1>>CC(C)(C)OC(=O)N1CCCC(Cc2ccc(F)cc2)C1,patent_28
145,OCC1=C(CCC1)c1ccc(Br)cc1>>Brc1ccc(cc1)C1=C(CCC1)C=O,patent_29
146,CN(CCCCC(=O)Nc1cc(C)c(CO)cc1C)C(=O)CCN1CCC(CC1)OC(=O)Nc1ccccc1-c1ccccc1>>CN(CCCCC(=O)Nc1cc(C)c(C=O)cc1C)C(=O)CCN1CCC(CC1)OC(=O)Nc1ccccc1-c1ccccc1,patent_30
147,FC(F)(F)C(=O)Nc1ccc2CCC(=O)c2c1>>OC1CCc2ccc(NC(=O)C(F)(F)F)cc12,patent_31
148,COc1cc(cc(Br)c1OC)C1C=c2cc(C)c(=O)oc2=C2OC(N)N(C#N)C12>>COc1cc(cc(Br)c1OC)C1C=c2cc(C)c(=O)oc2=C2OCN(C#N)C12,patent_32
149,OCc1c(Cl)cccc1I>>Clc1cccc(I)c1C=O,patent_33
150,COCOc1c(OC)ccc(COc2ccc(cc2)-c2ccc(CC(=O)OC)cc2)c1C(=O)OC(C)(C)C>>COC(=O)Cc1ccc(cc1)-c1ccc(OCc2ccc(OC)c(O)c2C(=O)OC(C)(C)C)cc1,patent_34
151,COc1ccc2[nH]c3c(C)ccc(C)c3c2c1>>Cc1ccc(C)c2c3cc(O)ccc3[nH]c12,patent_35
152,COc1ccc(CCC(=O)c2cccc(OCC(=O)OC(C)(C)C)c2)cc1OC>>COc1ccc(CCC(O)c2cccc(OCC(=O)OC(C)(C)C)c2)cc1OC,patent_36
153,COC(=O)C1(CC1)c1cc(F)c(OC)c(F)c1>>COC(=O)C1(CC1)c1cc(F)c(O)c(F)c1,patent_37
154,CCCCN1CCN(CC1)c1ccc(OC)cc1>>CCCCN1CCN(CC1)c1ccc(O)cc1,patent_38
155,CCOC(=O)C(CCCOC1CCCCO1)=Cc1cccc2ccccc12>>CCOC(=O)C(CCCOC1CCCCO1)Cc1cccc2ccccc12,patent_39
156,CC(=O)Nc1ccccc1CO>>CC(=O)Nc1ccccc1C=O,patent_40
157,COC(=O)c1ccc(C=Cc2ccc3c(c2)C(C=Cc2ccccc2)=CCC3(C)C)cc1.O>>CC1(C)CC=C(C=Cc2ccccc2)c2cc(C=Cc3ccc(cc3)C(O)=O)ccc12,patent_41
158,CCOC(=O)COc1cc(ccc1CCNS(=O)(=O)c1cc(ccc1OC)C#N)C(C)C.O>>COc1ccc(cc1S(=O)(=O)NCCc1ccc(cc1OCC(O)=O)C(C)C)C#N,patent_42
159,CCN(CC)C(=O)c1ccc(cc1)C(O)c1cccc(O[Si](C)(C)C(C)(C)C)c1>>CCN(CC)C(=O)c1ccc(cc1)C(=O)c1cccc(O[Si](C)(C)C(C)(C)C)c1,patent_43
160,COc1c(I)c(Cl)cc(F)c1-n1c(=O)cc(n(C)c1=O)C(F)(F)F>>Cn1c(cc(=O)n(-c2c(F)cc(Cl)c(I)c2O)c1=O)C(F)(F)F,patent_44
161,O.COC(=O)c1ccc(Oc2ccccc2)cc1C(F)(F)F>>OC(=O)c1ccc(Oc2ccccc2)cc1C(F)(F)F,patent_45
162,CC1=C(C(=O)N(CO1)C(C)(C)C(O)c1cccc(C=C)c1)c1ccccc1>>CC1=C(C(=O)N(CO1)C(C)(C)C(=O)c1cccc(C=C)c1)c1ccccc1,patent_46
163,O=C1COCC2CNCCN12>>C1CN2CCOCC2CN1,patent_47
164,COCCOCOc1ccc(C=CC=CC(=O)NCCN2CCC(CC2)OC(c2ccccc2)c2ccccc2)cc1OC>>COc1cc(C=CC=CC(=O)NCCN2CCC(CC2)OC(c2ccccc2)c2ccccc2)ccc1O,patent_48
165,COc1ccccc1C=Cc1ccccc1>>Oc1ccccc1C=Cc1ccccc1,patent_49
166,CC(C)(C)OC(=O)N1C(CC2CCCCOC2)COC1(C)C.O>>CC(C)(C)OC(=O)NC(CO)CC1CCCCOC1,patent_50
167,CC(Oc1ccc(Oc2ccc(cc2)C(F)(F)F)cc1)C(Cl)=O.C1CNOC1>>CC(Oc1ccc(Oc2ccc(cc2)C(F)(F)F)cc1)C(=O)N1CCCO1,patent_51
168,CNC.COC(=O)c1cc(F)ccc1C#N>>COC(=O)c1cc(ccc1C#N)N(C)C,patent_52
169,OCc1cccc(Br)n1.CCCc1c(O)ccc(C(C)=O)c1O>>CCCc1c(O)c(ccc1OCc1cccc(Br)n1)C(C)=O,patent_53
170,CC(Cl)C(Cl)=O.COC(=O)Nc1ccc(OCc2nc3ccccc3s2)cc1C>>COC(=O)N(C(=O)C(C)Cl)c1ccc(OCc2nc3ccccc3s2)cc1C,patent_54
172,OC=O.NC1c2ccccc2COc2ccc(cc12)C(O)=O>>OC(=O)c1ccc2OCc3ccccc3C(NC=O)c2c1,patent_56
173,Clc1nc(Cl)c2scc(Br)c2n1.NCC=C>>Clc1nc(NCC=C)c2scc(Br)c2n1,patent_57
174,CC(Cl)c1ccc(F)cc1.C(Cc1ccccc1)N1CCC(CC1)Nc1nc2ccccc2[nH]1>>CC(c1ccc(F)cc1)n1c(NC2CCN(CCc3ccccc3)CC2)nc2ccccc12,patent_58
175,Cc1cc2c(F)ccc(C#N)c2o1.OCCC1CCNCC1>>Cc1cc2c(ccc(C#N)c2o1)N1CCC(CCO)CC1,patent_59
177,CC(C)(C)Cc1nc2cc(ccc2n1CC1CC1)S(=O)(=O)C(C)(C)C(Cl)=O.NCCO>>CC(C)(C)Cc1nc2cc(ccc2n1CC1CC1)S(=O)(=O)C(C)(C)C(=O)NCCO,patent_61
178,COc1ccc(C(=O)Nc2c(Cl)cncc2Cl)c2C(CC(O)=O)COc12.COc1ccc(CN)cc1>>COc1ccc(CNC(=O)CC2COc3c2c(ccc3OC)C(=O)Nc2c(Cl)cncc2Cl)cc1,patent_62
179,Cc1ccccc1N.[O-][N+](=O)c1cnc2ccccc2c1Cl>>Cc1ccccc1Nc1c(cnc2ccccc12)[N+]([O-])=O,patent_63
180,CCN(CC)CCCCl.Oc1ccc(cc1)S(=O)(=O)c1c(Cc2ccc(Cl)cc2)oc2ccccc12>>CCN(CC)CCCOc1ccc(cc1)S(=O)(=O)c1c(Cc2ccc(Cl)cc2)oc2ccccc12,patent_64
181,CC(C)CS(Cl)(=O)=O.Cn1ccc2c(O)cc(Cc3cnc(N)nc3N)cc12>>CC(C)CS(=O)(=O)Oc1cc(Cc2cnc(N)nc2N)cc2n(C)ccc12,patent_65
182,COc1cc(Cl)ccc1C(Cl)=O.Nc1ccc(cc1)C(=O)N1Cc2ccccc2Cc2ccccc12>>COc1cc(Cl)ccc1C(=O)Nc1ccc(cc1)C(=O)N1Cc2ccccc2Cc2ccccc12,patent_66
184,CN.CSc1ncc(Cl)c(Cl)n1>>CNc1nc(SC)ncc1Cl,patent_68
185,Cc1ccc(CCl)nc1.Sc1nc2cc3OCOCc3cc2[nH]1>>Cc1ccc(CSc2nc3cc4OCOCc4cc3[nH]2)nc1,patent_69
186,CCOC(=O)NN.ClC(Cl)=O>>CCOC(=O)NNC(Cl)=O,patent_70
187,Cn1c(cc(=O)n(-c2cc(F)c(cc2F)[N+]([O-])=O)c1=O)C(F)(F)F.COC(=O)C(C)Oc1ncccc1O>>COC(=O)C(C)Oc1ncccc1Oc1cc(c(F)cc1[N+]([O-])=O)-n1c(=O)cc(n(C)c1=O)C(F)(F)F,patent_71
188,BrCCCOc1ccccc1C#N.COCCCN1C(=O)CCc2ccc(COC3CN(CCC3c3ccc(O)cc3)C(=O)OC(C)(C)C)cc12>>COCCCN1C(=O)CCc2ccc(COC3CN(CCC3c3ccc(OCCCOc4ccccc4C#N)cc3)C(=O)OC(C)(C)C)cc12,patent_72
189,CSCCl.Oc1ccc(Cl)cc1Cl>>CSCOc1ccc(Cl)cc1Cl,patent_73
190,CSc1nc(C)c(Cc2ccccc2)c(=O)[nH]1.Cc1nc[nH]c1CSCCN>>Cc1nc[nH]c1CSCCNc1nc(C)c(Cc2ccccc2)c(=O)[nH]1,patent_74
192,Fc1cnc(Cl)nc1.Fc1ccc2n(CC3CCC4CNCCN4C3)ccc2c1>>Fc1cnc(nc1)N1CCN2CC(Cn3ccc4cc(F)ccc34)CCC2C1,patent_76
193,COC(=O)OC.O=C1CCc2ccccc2C1>>COC(=O)C1C(=O)CCc2ccccc12,patent_77
194,CN1CCNCC1.COc1ccc(cc1C(O)=O)S(Cl)(=O)=O>>COc1ccc(cc1C(O)=O)S(=O)(=O)N1CCN(C)CC1,patent_78
195,BrC1=CC(=O)C2CCC1C2.COCCOCc1nc(ccc1C(O)=O)C(F)(F)F>>COCCOCc1nc(ccc1C(=O)OC1=CC(=O)C2CCC1C2)C(F)(F)F,patent_79
197,O=C1NC(=O)c2ccccc12.OC(CCl)CN1CCC(Cc2ccccc2)CC1>>OC(CN1C(=O)c2ccccc2C1=O)CN1CCC(Cc2ccccc2)CC1,patent_81
198,CCOC(=O)CC#N.CCOC(=O)c1cn(-c2ccc(F)cc2)c2c(F)c(F)c(F)cc2c1=O>>CCOC(=O)C(C#N)c1c(F)cc2c(c1F)n(cc(C(=O)OCC)c2=O)-c1ccc(F)cc1,patent_82
201,FC(F)(F)c1cccc(CCl)c1.O=C1NCc2ccc(cc12)N1CCN(CCC(c2ccccc2)c2ccccc2)CC1>>FC(F)(F)c1cccc(CN2Cc3ccc(cc3C2=O)N2CCN(CCC(c3ccccc3)c3ccccc3)CC2)c1,patent_85
202,COC(Cl)=O.CN(C)C(=O)N1CC(=CC1(CCCN)c1ccccc1)c1cc(Cl)ccc1F>>COC(=O)NCCCC1(C=C(CN1C(=O)N(C)C)c1cc(Cl)ccc1F)c1ccccc1,patent_86
204,COC(=O)C=Cc1ccc(C=O)cc1.Cc1[nH]c2ccccc2c1CCN>>COC(=O)C=Cc1ccc(CNCCc2c(C)[nH]c3ccccc23)cc1,patent_88
205,C[N+](C)(C)CC(CC([O-])=O)NC(=O)c1ccc(Br)o1.CCCCCCOc1cccc(c1)C#C>>CCCCCCOc1cccc(c1)C#Cc1ccc(o1)C(=O)NC(CC([O-])=O)C[N+](C)(C)C,patent_89
206,CN(C)CCCl.OCc1scc-2c1-c1cc(Cl)ccc1Oc1ccccc-21>>CN(C)CCOCc1scc-2c1-c1cc(Cl)ccc1Oc1ccccc-21,patent_90
207,CCOC(=O)c1ccc(c(n1)-c1ccc(Cl)c(O)c1)-c1c(OC)cccc1OC.CN(C)CCCCl>>CCOC(=O)c1ccc(c(n1)-c1ccc(Cl)c(OCCCN(C)C)c1)-c1c(OC)cccc1OC,patent_91
208,SCc1ccc(Cl)c(Cl)c1.Oc1ccc2C(=O)CCCc2c1CCl>>Oc1ccc2C(=O)CCCc2c1CSCc1ccc(Cl)c(Cl)c1,patent_92
209,CCCCN.COC(OC)C=O>>CCCCNCC(OC)OC,patent_93
210,CN(C)c1ccc(F)c(c1)[N+]([O-])=O>>CN(C)c1ccc(F)c(N)c1,patent_94
211,CCOc1ccccc1C(Cl)=O.NC(=O)c1nccc(C#N)c1N>>CCOc1ccccc1C(=O)Nc1c(ccnc1C(N)=O)C#N,patent_95
212,COc1cc(OC)nc(n1)S(C)(=O)=O.OC(=O)c1c(O)ccc2oc(c(C(=O)c3ccccc3)c12)C(F)(F)F>>COc1cc(OC)nc(Oc2ccc3oc(c(C(=O)c4ccccc4)c3c2C([O-])=O)C(F)(F)F)n1,patent_96
213,CC(C)(C)[Si](C)(C)OS(=O)(=O)C(F)(F)F.COC(=O)c1c(N)scc1CO>>COC(=O)c1c(N)scc1CO[Si](C)(C)C(C)(C)C,patent_97
214,CCOC(=O)CN.COc1ccc(CC2N(CCCc3cc(OC)c(OC)cc23)C(C(O)=O)c2ccccc2)cc1OC>>CCOC(=O)CNC(=O)C(N1CCCc2cc(OC)c(OC)cc2C1Cc1ccc(OC)c(OC)c1)c1ccccc1,patent_98
215,Cc1ncc[nH]1.Clc1cnc2CN(Cc3ccccc3)CCOc2n1>>Cc1nccn1-c1cnc2CN(Cc3ccccc3)CCOc2n1,patent_99
216,Cc1n[nH]c(=O)c(-c2cccc(F)c2F)c1-c1ccc(Cl)cc1.ClP(Cl)(Cl)=O>>Cc1nnc(Cl)c(-c2cccc(F)c2F)c1-c1ccc(Cl)cc1,patent_100
217,CC(C)(C)OC(=O)Nc1ccc(Cl)cc1C=CC(O)=O.CC1CN(Cc2ccc(F)cc2)CCN1>>CC1CN(Cc2ccc(F)cc2)CCN1C(=O)C=Cc1cc(Cl)ccc1NC(=O)OC(C)(C)C,patent_101
218,Cc1cc(C)cc(c1)C(O)=O.ClS(Cl)=O>>Cc1cc(C)cc(c1)C(Cl)=O,patent_102
219,COc1ccc(SCC(O)=O)cc1OC.NC1C2SCC(C=C3CCN(Cc4cccc(O)c4)C3=O)=C(N2C1=O)C(O)=O>>COc1ccc(SCC(=O)NC2C3SCC(C=C4CCN(Cc5cccc(O)c5)C4=O)=C(N3C2=O)C(O)=O)cc1OC,patent_103
220,COC1=CC(=O)N(C1)C(CC1CCCC1)C(O)=O.Nc1cnccn1>>COC1=CC(=O)N(C1)C(CC1CCCC1)C(=O)Nc1cnccn1,patent_104
221,NS(=O)(=O)c1ccc(cc1)-n1nc(c(CBr)c1-c1ccccc1)C(F)(F)F.CS(C)=O>>NS(=O)(=O)c1ccc(cc1)-n1nc(c(C=O)c1-c1ccccc1)C(F)(F)F,patent_105
222,CC(C)=CCCC(C)=CCCC(C)=CCCC(C)=CC(O)=O.OCCNCCO>>CC(C)=CCCC(C)=CCCC(C)=CCCC(C)=CC(=O)N(CCO)CCO,patent_106
223,COc1ccc(C(O)=O)c(O)c1.ClS(Cl)=O>>COc1ccc(C(Cl)=O)c(O)c1,patent_107
224,FCC1(CF)Oc2ccc(cc2C(Br)=C1)C(F)(F)F.CCN=C=S>>CCNC(=S)C1=CC(CF)(CF)Oc2ccc(cc12)C(F)(F)F,patent_108
225,Cc1cc2ccccc2n1C.S=C1NCCN1>>Cc1c(SC2=NCCN2)c2ccccc2n1C,patent_109
226,COC(=O)C(Cc1ccc(Cl)c(Cl)c1)NC(=O)c1ccc(Cl)cc1NS(=O)(=O)c1cccc2nsnc12.O>>OC(=O)C(Cc1ccc(Cl)c(Cl)c1)NC(=O)c1ccc(Cl)cc1NS(=O)(=O)c1cccc2nsnc12,patent_110
227,CCC(=O)c1c(C)cc(N)cc1C.ClC(Cl)=O>>CCC(=O)c1c(C)cc(cc1C)N=C=O,patent_111
228,OB(O)c1ccc(cc1)C#N.CC1(C)CC(=O)c2ccc(OS(=O)(=O)C(F)(F)F)cc12>>CC1(C)CC(=O)c2ccc(cc12)-c1ccc(cc1)C#N,patent_112
229,CCOC(=O)Cc1csc(n1)-c1ccc(cc1C)C(CC)(CC)c1ccc(C=CC(O)(C(F)(F)F)C(F)(F)F)c(C)c1.O>>CCC(CC)(c1ccc(C=CC(O)(C(F)(F)F)C(F)(F)F)c(C)c1)c1ccc(-c2nc(CC(O)=O)cs2)c(C)c1,patent_113
230,[Cu]C#N.[O-]N=O.Cc1cc(=O)c2c(N)ccc(C)c2o1>>Cc1cc(=O)c2c(ccc(C)c2o1)C#N,patent_114
231,COC(=O)c1nn(CCN=[N+]=[N-])c(C(=O)OC)c1OCc1ccccc1>>COC(=O)c1nn2CCNC(=O)c2c1OCc1ccccc1,patent_115
232,CC(C)(C)OC(=O)NCc1ccc(CN)cc1.OC(=O)c1cccnc1Oc1ccc(F)cc1>>CC(C)(C)OC(=O)NCc1ccc(CNC(=O)c2cccnc2Oc2ccc(F)cc2)cc1,patent_116
233,OCc1ccc2C(OCc2c1)c1ccc(F)cc1.BrS(Br)=O>>Fc1ccc(cc1)C1OCc2cc(CBr)ccc12,patent_117
234,OC(=O)c1cc(Br)c(OCc2ccccc2)cc1OCc1ccccc1.COCCCN>>COCCCNC(=O)c1cc(Br)c(OCc2ccccc2)cc1OCc1ccccc1,patent_118
235,Cc1c(cnn1-c1ccc(Cl)cc1)C(=O)NC(CCCC=C)c1cccc(c1)C(F)(F)F.[O-][O+]=O>>Cc1c(cnn1-c1ccc(Cl)cc1)C(=O)NC(CCCC=O)c1cccc(c1)C(F)(F)F,patent_119
236,COC(=O)C(CSCc1ccccc1)NC(=O)C(CC(Cc1ccccc1)C(=O)Nc1ccccn1)Cc1ccccc1.O>>OC(=O)C(CSCc1ccccc1)NC(=O)C(CC(Cc1ccccc1)C(=O)Nc1ccccn1)Cc1ccccc1,patent_120
237,Brc1ccncc1.OB(O)c1c(F)cccc1F>>Fc1cccc(F)c1-c1ccncc1,patent_121
238,BrCc1ccccc1.CCOC(=O)c1[nH]c(=O)c(CC(C)C)[n+]([O-])c1N>>CCOC(=O)c1nc(OCc2ccccc2)c(CC(C)C)[n+]([O-])c1N,patent_122
239,CCc1cc(C=O)ccc1N=C1SCC2(CCCC2)N1C1CCCC1.CCOP(=O)(CC(C)=O)OCC>>CCc1cc(C=CC(C)=O)ccc1N=C1SCC2(CCCC2)N1C1CCCC1,patent_123
240,CCOC(=O)C(N)Cc1nc2ccccc2nc1CP(O)(O)=O.O>>NC(Cc1nc2ccccc2nc1CP(O)(O)=O)C(O)=O,patent_124
241,OC(=O)C1(CCCCC1)c1ccc(F)cc1.CCC(=O)Nc1cccc(c1)C1CCN(CCCN)CC1>>CCC(=O)Nc1cccc(c1)C1CCN(CCCNC(=O)C2(CCCCC2)c2ccc(F)cc2)CC1,patent_125
242,ClC(Cl)=S.Nc1cccc(F)c1>>Fc1cccc(c1)N=C=S,patent_126
243,CCCNC(=O)c1nnc2c(Br)cccc2c1N.OB(O)c1ccc2[nH]ccc2c1>>CCCNC(=O)c1nnc2c(cccc2c1N)-c1ccc2[nH]ccc2c1,patent_127
244,CC(C)C(C(O)=O)c1ccc(OC(F)(F)F)cc1.ClS(Cl)=O>>CC(C)C(C(Cl)=O)c1ccc(OC(F)(F)F)cc1,patent_128
245,OB(O)c1ccc-2c(Cc3c-2cccc3F)c1F.OO>>Oc1ccc-2c(Cc3c-2cccc3F)c1F,patent_129
246,OC(=O)c1cc2c(OCc3coc4cc(F)ccc34)cccc2[nH]1.CC(CN1CCC(N)CC1)N1CCC(O)C(C)C1>>CC(CN1CCC(CC1)NC(=O)c1cc2c(OCc3coc4cc(F)ccc34)cccc2[nH]1)N1CCC(O)C(C)C1,patent_130
247,NCc1ccc(Cl)cc1.Cc1ccc2c(O)c(cnc2n1)C(O)=O>>Cc1ccc2c(O)c(cnc2n1)C(=O)NCc1ccc(Cl)cc1,patent_131
248,CCCCCCCCCCCCCCOc1cc(ccc1OC)C(=O)OC.O>>CCCCCCCCCCCCCCOc1cc(ccc1OC)C(O)=O,patent_132
250,CC(C)(C)OC(=O)N1CCC(CC1)C(O)=O.Nc1ccc(I)cc1C(=O)Nc1ccc(Cl)cn1>>CC(C)(C)OC(=O)N1CCC(CC1)C(=O)Nc1ccc(I)cc1C(=O)Nc1ccc(Cl)cn1,patent_134
251,OC1CC2CCC(C1)N2.OC(=O)c1ccc2n(CCN=[N+]=[N-])cnc2c1>>OC1CC2CCC(C1)N2C(=O)c1ccc2n(CCN=[N+]=[N-])cnc2c1,patent_135
252,CCOC(=O)C(=O)c1ccc(Br)s1.O>>OC(=O)C(=O)c1ccc(Br)s1,patent_136
253,NCCCOC1CCN(Cc2ccccc2)CC1.OC(=O)C=Cc1cccnc1>>O=C(NCCCOC1CCN(Cc2ccccc2)CC1)C=Cc1cccnc1,patent_137
254,OC(=O)c1cc2cc(Cl)ccc2o1.ClS(Cl)=O>>ClC(=O)c1cc2cc(Cl)ccc2o1,patent_138
255,CCOCCn1c(nc2ccccc12)N1CCCN(CCC2(CCNC2)c2ccccc2)CC1.COc1ccc(cc1C(O)=O)S(C)(=O)=O>>CCOCCn1c(nc2ccccc12)N1CCCN(CCC2(CCN(C2)C(=O)c2cc(ccc2OC)S(C)(=O)=O)c2ccccc2)CC1,patent_139
256,COC(=O)CCCCCCCn1c2cc(ccc2oc1=O)[N+]([O-])=O.O>>OC(=O)CCCCCCCn1c2cc(ccc2oc1=O)[N+]([O-])=O,patent_140
257,COCN(c1cc(C)cnc1Br)S(=O)(=O)c1ccc(Cl)c(c1)C(F)(F)F.CN(C)C=O.CC(C)[Mg+].[Cl-]>>COCN(c1cc(C)cnc1C=O)S(=O)(=O)c1ccc(Cl)c(c1)C(F)(F)F,patent_141
258,OC(=O)c1ccc(Br)cn1.NCCN1CCCC1>>Brc1ccc(nc1)C(=O)NCCN1CCCC1,patent_142
259,CNS(=O)(=O)c1ccc(Br)cc1.CC(C)(C)OC(=O)N1CCC(CC1)C=O>>CNS(=O)(=O)c1ccc(cc1)C(O)C1CCN(CC1)C(=O)OC(C)(C)C,patent_143
260,Clc1cccnn1.CC1(C)OB(OC1(C)C)c1ccc(cc1)-c1nc2n(ncc2c(=O)n1-c1ccc(Cl)cc1)-c1ccccc1>>Clc1ccc(cc1)-n1c(nc2n(ncc2c1=O)-c1ccccc1)-c1ccc(cc1)-c1cccnn1,patent_144
261,CN(C(Cc1ccc2ccccc2c1)C(O)=O)C(=O)OC(C)(C)C.CNCCc1ccccc1OCCCO>>CN(CCc1ccccc1OCCCO)C(=O)C(Cc1ccc2ccccc2c1)N(C)C(=O)OC(C)(C)C,patent_145
262,OC(=O)CCCc1cccs1>>O=C1CCCc2sccc12,patent_146
263,Oc1ccccc1C=O.CC(C)(S)C(N)C(O)=O>>CC1(C)SC(NC1C(O)=O)c1ccccc1O,patent_147
264,COC(=O)c1scc(Br)c1OC.O>>COc1c(Br)csc1C(O)=O,patent_148
265,COC1C(C)Cc2c1cc(cc2CCO)C(C)(C)C.BrN1C(=O)CCC1=O>>COC1C(C)Cc2c1cc(cc2CCBr)C(C)(C)C,patent_149
266,COC(=O)c1sc(cc1OC(CO[Si](C)(C)C(C)(C)C)c1ccccc1Cl)-n1cnc2cnc(CO[Si](C)(C)C(C)(C)C)cc12.N>>CC(C)(C)[Si](C)(C)OCC(Oc1cc(sc1C(N)=O)-n1cnc2cnc(CO[Si](C)(C)C(C)(C)C)cc12)c1ccccc1Cl,patent_150
267,COc1ncccc1CC#N.O.O>>COc1ncccc1CC(O)=O,patent_151
268,CN(CCCl)CCCl.Cc1cc(CN)cc2CN(Cc3ccc(OC(F)(F)F)cc3)C(=O)c12>>CN1CCN(Cc2cc3CN(Cc4ccc(OC(F)(F)F)cc4)C(=O)c3c(C)c2)CC1,patent_152
269,COC(=O)C1(CC=C)CCOCC1.O=[Os](=O)(=O)=O.O>>COC(=O)C1(CC=O)CCOCC1,patent_153
270,CC1(C)OB(OC1(C)C)c1ccc(N)cc1.ClCCCS(Cl)(=O)=O>>CC1(C)OB(OC1(C)C)c1ccc(cc1)N1CCCS1(=O)=O,patent_154
271,CN(C)C(=O)c1ccc(NC(=O)c2cc3CCOc4cc(Br)ccc4-c3s2)c(Cl)c1.CI>>CN(C)C(=O)c1ccc(N(C)C(=O)c2cc3CCOc4cc(Br)ccc4-c3s2)c(Cl)c1,patent_155
272,COC(=O)c1ccc(OCCNC(=O)c2oc3ccccc3c2N(C)C)cc1.NO>>CN(C)c1c(oc2ccccc12)C(=O)NCCOc1ccc(cc1)C(=O)NO,patent_156
273,COC(=O)c1ccccc1NCc1ccnc(NC(=O)N(C)C)c1.Cc1n(C)nc2cc(N)ccc12>>CN(C)C(=O)Nc1cc(CNc2ccccc2C(=O)Nc2ccc3c(C)n(C)nc3c2)ccn1,patent_157
274,CO.CC(C)c1ccc(cc1)C(O)=O>>COC(=O)c1ccc(cc1)C(C)C,patent_158
275,CC(C)(C)c1cccc(c1O)C(C)(C)C.BrCC=C.S=C=S>>CC(C)(C)c1cc(cc(c1O)C(C)(C)C)C(=S)SCC=C,patent_159
276,CCCC(CC(=O)OC)C[N+]([O-])=O>>CCCC1CNC(=O)C1,patent_160
277,Cc1ccc(cc1)S(=O)(=O)NC(c1ccccc1)C(C)(C)O.ClS(Cl)=O>>Cc1ccc(cc1)S(=O)(=O)N1C(c2ccccc2)C(C)(C)OS1=O,patent_161
278,COc1ncc(C(=O)Oc2ccc(cc2)[N+]([O-])=O)c2cc(oc12)C(C)=O.Nc1c(Cl)cncc1Cl>>COc1ncc(C(=O)Nc2c(Cl)cncc2Cl)c2cc(oc12)C(C)=O,patent_162
279,ONCc1ccccc1.FC(F)(F)COC=O>>ON(Cc1ccccc1)C=O,patent_163
280,C=O.Clc1ccc-2c(CN(Cc3nnc(C4CCN(CC4)c4ccccn4)n-23)C2CCNC2)c1>>CN1CCC(C1)N1Cc2nnc(C3CCN(CC3)c3ccccn3)n2-c2ccc(Cl)cc2C1,patent_164
281,CCNC(=O)n1ncc2ccc(OC(C)=O)c(CC=C)c12.OOC(=O)c1cccc(Cl)c1>>CCNC(=O)n1ncc2ccc(OC(C)=O)c(CC3CO3)c12,patent_165
282,CS(=O)(=O)c1ccc(cc1Cl)C(CC1CCCC1)C(=O)Nc1ccn(Cc2cccc(c2)C(O)=O)n1.ClC(=O)C(Cl)=O>>CS(=O)(=O)c1ccc(cc1Cl)C(CC1CCCC1)C(=O)Nc1ccn(Cc2cccc(c2)C(Cl)=O)n1,patent_166
283,CCOC(=O)c1cccnc1.CC#N>>O=C(CC#N)c1cccnc1,patent_167
284,COc1ccc(cc1)N(NC(=O)Cc1cc(OC)c(cc1Br)C(=O)ON1C(=O)CCC1=O)c1c(C)cccc1N1CCCCC1.CN1CCNCC1>>COc1ccc(cc1)N(NC(=O)Cc1cc(OC)c(cc1Br)C(=O)N1CCN(C)CC1)c1c(C)cccc1N1CCCCC1,patent_168
285,BrCC#C.CSc1nc(=O)[nH]cc1F>>CSc1nc(=O)n(CC#C)cc1F,patent_169
286,NO.CCOC(=O)Cc1oc-2cccc-2cc1-c1ccccc1>>ONC(=O)Cc1oc-2cccc-2cc1-c1ccccc1,patent_170
288,O=C(OCc1ccccc1)ON1C(=O)CCC1=O.OC(=O)C1CCCNC1>>OC(=O)C1CCCN(C1)C(=O)OCc1ccccc1,patent_172
290,CC(C)Cn1c(nc2c(nc(nc12)-c1cnc(N)nc1)N1CCOCC1C)N1CCNCC1.O=Cn1nnc2ccccc12>>CC(C)Cn1c(nc2c(nc(nc12)-c1cnc(N)nc1)N1CCOCC1C)N1CCN(CC1)C=O,patent_174
291,CCN1CCCN(CC1)c1ncc(cn1)C(=O)OC.COc1cc(CCc2cc(N)[nH]n2)cc(OC)c1>>CCN1CCCN(CC1)c1ncc(cn1)C(=O)Nc1cc(CCc2cc(OC)cc(OC)c2)n[nH]1,patent_175
292,COc1cc(OC)c(CCC2(CC(=O)CC(=O)O2)C2CCCC2)cc1Cl.Cc1cc(=O)[nH]c(CCl)n1>>COc1cc(OC)c(CCC2(CC(O)=C(Cc3nc(C)cc(=O)[nH]3)C(=O)O2)C2CCCC2)cc1Cl,patent_176
293,O=C(CCC1=CCCCC1)C1CCCC1.COC(=O)CC(C)=O>>O=C1CC(=O)OC(CCC2=CCCCC2)(C1)C1CCCC1,patent_177
294,COCCOc1cc2ncnc(Oc3cccc(N)c3)c2cc1OC.CC(C)c1cc(NC(=O)Oc2ccccc2)no1>>COCCOc1cc2ncnc(Oc3cccc(NC(=O)Nc4cc(on4)C(C)C)c3)c2cc1OC,patent_178
295,CCCCCC1CCC(CC1)c1ccc(cc1)-c1ccc(cc1)C(O)=O.Oc1ccc(C=O)c(Cl)c1>>CCCCCC1CCC(CC1)c1ccc(cc1)-c1ccc(cc1)C(=O)Oc1ccc(C=O)c(Cl)c1,patent_179
296,COC=Cc1ccc(OC2CC(N(C2)C(=O)C(C)CSC(=O)c2ccccc2)C(O)=O)cc1.CNS(=O)(=O)c1cc(c(Cl)cc1N)S(N)(=O)=O>>CC(CSC(=O)c1ccccc1)C(=O)N1CC(CC1C(O)=O)Oc1ccc(CC2Nc3cc(Cl)c(cc3S(=O)(=O)N2C)S(N)(=O)=O)cc1,patent_180
297,CI.CC(C)(C)OC(=O)NCCCN.S=C=S>>CSC(=S)NCCCNC(=O)OC(C)(C)C,patent_181
298,CC(C)c1cc(-c2cccc(C=C)c2)c2ncccc2c1.Clc1ccc(cc1)C(=[N+]=[N-])c1ccc(Cl)cc1>>CC(C)c1cc(-c2cccc(c2)C2CC2(c2ccc(Cl)cc2)c2ccc(Cl)cc2)c2ncccc2c1,patent_182
299,CC(C)O.CC(Oc1ccc(Oc2ccc(Cl)cc2Cl)cc1)C(O)=O>>CC(C)OC(=O)C(C)Oc1ccc(Oc2ccc(Cl)cc2Cl)cc1,patent_183
300,CCOC(CN)OCC.CCC(=Cc1ccccc1C(=O)OC)[N+]([O-])=O>>CCOC(CN1C(C(CC)[N+]([O-])=O)c2ccccc2C1=O)OCC,patent_184
301,CC(C)(C)OC(=O)Nc1ccc(cc1N)C(F)(F)F.CC(C)(C)OC(=O)CC(=O)c1cccc(c1)-c1ccc(nc1)C1CC1>>CC(C)(C)OC(=O)Nc1ccc(cc1NC(=O)CC(=O)c1cccc(c1)-c1ccc(nc1)C1CC1)C(F)(F)F,patent_185
302,COc1ccc(cc1C)-c1nsc2ccc(cc12)-n1c(=O)cc([nH]c1=O)C(F)(F)F.CI>>COc1ccc(cc1C)-c1nsc2ccc(cc12)-n1c(=O)cc(n(C)c1=O)C(F)(F)F,patent_186
303,Cc1cccc(N)c(=O)c1.COC(=O)C1=C(O)c2ccccc2S(=O)(=O)N1C>>CN1C(C(=O)Nc2cccc(C)cc2=O)=C(O)c2ccccc2S1(=O)=O,patent_187
304,OC(=O)C1CCN(CC1)c1ccc(F)cc1.ClS(Cl)=O>>Fc1ccc(cc1)N1CCC(CC1)C(Cl)=O,patent_188
305,CCOC(=O)C1CCC(N1C)C(=O)OCC.NCc1ccccc1>>CCOC(=O)C1CCC(N1C)C(=O)NCc1ccccc1,patent_189
306,BrCC#C.Oc1ccc(cn1)-c1ccc(Cl)cc1>>Clc1ccc(cc1)-c1ccc(OCC#C)nc1,patent_190
307,CI.CC(=O)N1CC(C)(C)c2cc(O)ccc12>>COc1ccc2N(CC(C)(C)c2c1)C(C)=O,patent_191
308,CCOC(=O)CC(C[N+]([O-])=O)c1cc2ccccc2o1>>O=C1CC(CN1)c1cc2ccccc2o1,patent_192
309,Nc1nc(-c2cccc(F)c2)c(-c2ccc(=O)[nH]c2)c(=O)n1CC=C.CI>>Cn1cc(ccc1=O)-c1c(nc(N)n(CC=C)c1=O)-c1cccc(F)c1,patent_193
310,CC(C)C(C)(NC(=O)c1nc(C)c(OC(C)=O)cc1C(O)=O)C(N)=O.CO>>COC(=O)c1cc(OC(C)=O)c(C)nc1C(=O)NC(C)(C(C)C)C(N)=O,patent_194
311,CC(C)(C)OC(=O)N1CCC(O)C1.CC(O)=S>>CC(=O)SC1CCN(C1)C(=O)OC(C)(C)C,patent_195
312,CN(CCCCCCCCCO[Si](C)(C)C(C)(C)C)C1C2CCC1C(O)C2.CCOC(=O)C(O)(c1cccs1)c1cccs1>>CN(CCCCCCCCCO[Si](C)(C)C(C)(C)C)C1C2CCC1C(C2)OC(=O)C(O)(c1cccs1)c1cccs1,patent_196
314,COCC(=O)CC(=O)OC.[O-]N=O.Nc1ccccc1F>>COCC(=O)C(=NNc1ccccc1F)C(=O)OC,patent_198
315,CI.COc1ccccc1N1Sc2ccccc2CC1=O>>COc1ccccc1N1Sc2ccccc2C(C)C1=O,patent_199
316,[C-]#N.COC(=O)c1cc(F)cc(Cl)c1>>COC(=O)c1cc(Cl)cc(c1)C#N,patent_200
317,OC(=O)CCC1CCCCC1.CN1c2ccccc2C(=NC(NC(=O)OCc2ccccc2)C1=S)c1ccccc1>>CN1c2ccccc2C(=NC(NC(=O)CCC2CCCCC2)C1=S)c1ccccc1,patent_201
318,Cc1ccnc(C(O)=O)c1Oc1cc(Cl)cc(Br)c1.[N-]=[N+]=[N-]>>Cc1ccnc(N)c1Oc1cc(Cl)cc(Br)c1,patent_202
319,C[Mg+].O=C1CN(C1)C(c1ccccc1)c1ccccc1>>CC1(O)CN(C1)C(c1ccccc1)c1ccccc1,patent_203
320,COc1ccc(cc1)N1CCN(CC1)C(=O)C(CC(C)C)C1OC(C)(C)OC1=O.NO>>COc1ccc(cc1)N1CCN(CC1)C(=O)C(CC(C)C)C(O)C(=O)NO,patent_204
321,COc1ccc(Br)nc1.COc1ccc(OCc2ccccc2)cc1C=O.CC(=O)OC(C)=O>>COc1ccc(nc1)C(OC(C)=O)c1cc(OCc2ccccc2)ccc1OC,patent_205
322,O.ON=C1CC2(CCN(CC2)C(=O)OCc2ccccc2)c2ccccc12>>O=C(OCc1ccccc1)N1CCC2(CC1)CC(=O)Nc1ccccc21,patent_206
323,CC(=O)CCC(O)=O.NCCc1c[nH]c2ccccc12>>CC12CCC(=O)N1CCc1c2[nH]c2ccccc12,patent_207
324,O=C1OCc2ccccc12.O=Cc1cccc(c1)C#N>>O=C1C(C(=O)c2ccccc12)c1cccc(c1)C#N,patent_208
325,CCOC(=O)C(=NOC)C(=O)CCl.OCCS>>CCOC(=O)C(=NOC)C1=CSCCO1,patent_209
326,CC(C)(C)OC(=O)NCC1CO1.Cc1ccc(N)cc1F.CN(C)C=O>>Cc1ccc(cc1F)N1CC(CNC(=O)OC(C)(C)C)OC1=O,patent_210
327,[O-]C(=O)c1cc(Br)cnc1Cl.N>>NC(=O)c1cc(Br)cnc1Cl,patent_211
328,COc1cc(Br)cc(CO)c1.[C-]#N>>COc1cc(CO)cc(c1)C#N,patent_212
329,CC1CN(C)CC(CN1Cc1ccccc1)[N+]([O-])=O.CC(O)=O>>CC1CN(C)CC(CN1Cc1ccccc1)NC(C)=O,patent_213
330,CCCC[Sn](CCCC)(CCCC)C=C.Fc1ccccc1S(=O)(=O)c1ccc(Cl)nc1>>Fc1ccccc1S(=O)(=O)c1ccc(C=C)nc1,patent_214
331,CCOC(=O)C(O)(CC(=C)c1cc(F)ccc1OC)C(F)(F)F.ICI>>CCOC(=O)C(O)(CC1(CC1)c1cc(F)ccc1OC)C(F)(F)F,patent_215
332,BrC(Br)(Br)Br.COCC1(CCO)CN(C(C)c2ccccc2)C(=O)C1>>COCC1(CCBr)CN(C(C)c2ccccc2)C(=O)C1,patent_216
333,Brc1ccc(cc1)-c1ccc(=O)[nH]n1.[C-]#N>>O=c1ccc(n[nH]1)-c1ccc(cc1)C#N,patent_217
334,[C-]#N.CN1CCC(CC1)=C1c2ccccc2CCc2ccc(Br)cc12>>CN1CCC(CC1)=C1c2ccccc2CCc2ccc(cc12)C#N,patent_218
335,[O-]C=O.[NH4+].COC(=O)Cc1ccc(CC(=O)c2cccnc2)cc1>>COC(=O)Cc1ccc(CC(NC=O)c2cccnc2)cc1,patent_219
336,CC[Mg+].O=C(C1CCCN1Cc1ccccc1)N1CCCC1>>C(N1CCCC1C1(CC1)N1CCCC1)c1ccccc1,patent_220
337,NCCc1c[nH]c2ccccc12.O=C1OC(=O)c2ccccc12>>O=C1N(CCc2c[nH]c3ccccc23)C(=O)c2ccccc12,patent_221
338,Cc1cccc(C)c1COc1cccc(c1)C(=O)CCC(O)=O.N>>Cc1cccc(C)c1COc1cccc(c1)C(=O)CCC(N)=O,patent_222
339,CCOC(=O)C=C(OCC)OCC.COCOCc1csc(N)c1S(N)(=O)=O>>CCOC(=O)CC1=NS(=O)(=O)c2c(COCOC)csc2N1,patent_223
340,NC1CC1.OS(Cl)(=O)=O.CC(C)c1ncc(-c2ccnc(Nc3ccccc3)n2)n1C>>CC(C)c1ncc(-c2ccnc(Nc3ccc(cc3)S(=O)(=O)NC3CC3)n2)n1C,patent_224
341,OC(C(O)C(O)=O)C(O)=O.NCc1ccccc1>>OC1C(O)C(=O)N(Cc2ccccc2)C1=O,patent_225
342,CC(C)c1cccc(C(C)C)c1N.O=C1OC(=O)c2ccccc12>>CC(C)c1cccc(C(C)C)c1N1C(=O)c2ccccc2C1=O,patent_226
343,ClC(=O)c1ccccc1.C=O.[K]C#N>>OC(C#N)C(=O)c1ccccc1,patent_227
344,[NH4+].CC1(C)CC(CC(C)(C)C1)=C(c1ccc(O)cc1)c1ccc(cc1)C(O)=O>>CC1(C)CC(CC(C)(C)C1)=C(c1ccc(O)cc1)c1ccc(cc1)C(N)=O,patent_228
345,O=C1OCc2ccccc12.[O-][N+](=O)c1cccc(C=O)c1>>[O-][N+](=O)c1cccc(c1)C1C(=O)c2ccccc2C1=O,patent_229
346,CCc1sc(cc1-c1c(Br)cnn1C)C(=O)OC.CB1OB(C)OB(C)O1>>CCc1sc(cc1-c1c(C)cnn1C)C(=O)OC,patent_230
347,CC(C)(C)c1ccc(cc1N)[N+]([O-])=O.Cl.[O-]N=O.[O-]S([O-])=O>>CC(C)(C)c1ccc(cc1S(Cl)(=O)=O)[N+]([O-])=O,patent_231
348,OC(=O)CC(CC(O)=O)c1c(Cl)cccc1Cl.[NH4+]>>Clc1cccc(Cl)c1C1CC(=O)NC(=O)C1,patent_232
349,Nc1ccc-2c(Cc3cc(Br)ccc-23)c1.CCCCI>>CCCCC1(CCCC)c2cc(N)ccc2-c2ccc(Br)cc12,patent_233
350,CCOC(=O)c1cc(cnc1Br)C(Br)(Br)Br.CCO.O>>CCOC(=O)c1cnc(Br)c(c1)C(=O)OCC,patent_234
351,CCOC(=O)CNS(=O)(=O)c1cnc(N)s1.C1CCC(CC1)NC1CCCCC1>>CCOC(=O)CNS(=O)(=O)c1cnc(NC(=O)N(C2CCCCC2)C2CCCCC2)s1,patent_235
352,CCl.CC(C)S(=O)(=O)NCC(C)(F)c1ccc(cc1)-c1cccc(N)c1.ClS(Cl)(=O)=O>>CC(C)S(=O)(=O)NCC(C)(F)c1ccc(cc1)-c1cccc(NS(C)(=O)=O)c1,patent_236
353,CC(C)(C)O.Cc1cccnc1C#N.O>>Cc1cccnc1C(=O)NC(C)(C)C,patent_237
354,CC(=O)CCC(O)=O.Cc1cc(C)c(N)cc1N>>CC1CCC(=O)N1c1cc(N)c(C)cc1C,patent_238
355,CCOC(C)(OCC)OCC.NC12CC3CC(CC(C3)C1)C2.NC1CCCCC1>>CC(NC12CC3CC(CC(C3)C1)C2)=NC1CCCCC1,patent_239
356,ClC(Cl)=O.COc1c(N)cc(cc1NS(C)(=O)=O)C(C)(C)C.Nc1ccc(-n2ccc3cnccc23)c2ccccc12>>COc1c(NC(=O)Nc2ccc(-n3ccc4cnccc34)c3ccccc23)cc(cc1NS(C)(=O)=O)C(C)(C)C,patent_240
357,NNc1ccncc1F.O=C1OC(=O)c2ccccc12>>Fc1cnccc1NN1C(=O)c2ccccc2C1=O,patent_241
358,OC(=O)c1ccc(c(F)c1)[N+]([O-])=O.[NH4+]>>NC(=O)c1ccc(c(F)c1)[N+]([O-])=O,patent_242
359,CCCC1(CC(=O)OCC)OCCc2c1[nH]c1c(C)c(cc(Br)c21)C(=O)OCc1ccccc1.[Cu]C#N>>CCCC1(CC(=O)OCC)OCCc2c1[nH]c1c(C)c(cc(C#N)c21)C(=O)OCc1ccccc1,patent_243
360,OC(=O)C=O.COc1ccc(C=C)cc1OC.Nc1ccccc1I>>COc1ccc(cc1OC)C1CC(Nc2c(I)cccc12)C(O)=O,patent_244
361,ClCC=C.C[Si](C)(C)C#N.Clc1ccc(C=C(C#N)C#N)cn1>>Clc1ccc(cn1)C(C#N)C(CC=C)(C#N)C#N,patent_245
362,CCOC(=O)C(=NOC)C(=O)CCl.OCCS>>CCOC(=O)C(=NOC)C1=CSCCO1,patent_246
363,Cc1ccc2C(=O)OC(=O)c2c1.CCOc1cc(ccc1OC)C(N)CC(O)=O>>CCOc1cc(ccc1OC)C(CC(O)=O)N1C(=O)c2ccc(C)cc2C1=O,patent_247
364,CCC(CC)c1cc(C)[n]2nc(-c3ccc(OC)cc3Cl)n(CC(O)=O)c(=O)c12.N>>CCC(CC)c1cc(C)[n]2nc(-c3ccc(OC)cc3Cl)n(CC(N)=O)c(=O)c12,patent_248
365,CN.COc1nc2cc(Cl)c(Cl)c(C(O)=O)c2nc1OC>>CNC(=O)c1c(Cl)c(Cl)cc2nc(OC)c(OC)nc12,patent_249
366,COc1c(Br)ccc2C3CCCN(C)C3COc12.CI>>COc1c(C)ccc2C3CCCN(C)C3COc12,patent_250
367,Brc1cccnc1.O.FC(F)(F)c1ccccc1C#N>>FC(F)(F)c1ccccc1C(=O)c1cccnc1,patent_251
368,[N-]=[N+]=[N-].ClC(=O)CCCCCCCCCCOc1ccccc1>>O=C=NCCCCCCCCCCOc1ccccc1,patent_252
369,CN1CCC(Cl)CC1.Fc1ccccc1C#N.O>>CN1CCC(CC1)C(=O)c1ccccc1F,patent_253
370,CCOC(C)(OCC)OCC.OCC(CO)(CO)CO>>CC12OCC(CO)(CO1)CO2,patent_254
371,CC1N=C(c2ccccc2F)c2cc(ccc2NC1=O)C(C)=O.CI>>CC1N=C(c2ccccc2F)c2cc(ccc2N(C)C1=O)C(C)=O,patent_255
372,CCOC(=O)CC(=O)CCl.Clc1ccccc1C=O.Nc1cc[nH]n1>>Clc1ccccc1C1C2=C(COC2=O)Nc2n[nH]cc12,patent_256
373,CCN.OC1CC(F)(F)C(F)(F)C1(F)F.CCCSP(Cl)(Cl)=O>>CCCSP(=O)(NCC)OC1CC(F)(F)C(F)(F)C1(F)F,patent_257
374,Fc1ccc(Br)cc1C(F)(F)F.[K]C#N.O.O>>OC(=O)c1ccc(Br)cc1C(F)(F)F,patent_258
375,Clc1ccc2[nH]c(nc2c1)C(Cl)(Cl)Cl.NCc1ccccc1.O>>Clc1ccc2[nH]c(nc2c1)C(=O)NCc1ccccc1,patent_259
376,Nc1ccccc1C#N.CC[Mg]Cl>>CCC(=O)c1ccccc1N,patent_260
377,COc1ccc2N(C)C(=O)Cc2c1.C[S+](C)(C)=O.Ic1n[nH]c2cc(C=O)ccc12>>COc1ccc2N(C)C(=O)C3(CC3c3ccc4c(I)n[nH]c4c3)c2c1,patent_261
378,Brc1ccc(cc1)C#N.CC(C)[Mg+]>>CC(C)C(=O)c1ccc(Br)cc1,patent_262
379,O=C(NC1CCCNC1=O)OCc1ccccc1.N.N.ClP(Cl)(Cl)=O>>NP(N)(=O)N1CCCC(NC(=O)OCc2ccccc2)C1=O,patent_263
380,CC(C)(C)OC(=O)NC1(CCC1)c1ccc(cc1)C#N.[Mg+]Cc1ccccc1>>CC(C)(C)OC(=O)NC1(CCC1)c1ccc(cc1)C(=O)Cc1ccccc1,patent_264
381,CC(=S)OCc1ccc(cc1)[N+]([O-])=O>>[O-][N+](=O)c1ccc(CS)cc1,patent_265
382,OC(CCC(O)COCc1ccccc1)COCc1ccccc1.[O-][I+3]([O-])([O-])[O-].ClS(Cl)=O>>O=S1(=O)OC(COCc2ccccc2)CCC(COCc2ccccc2)O1,patent_266
383,O=C(n1ccnc1)n1ccnc1.CC(C)(C)OC(=O)N1CCC(CC1)NCc1ccccc1[N+]([O-])=O>>CC(C)(C)OC(=O)N1CCC(CC1)N1Cc2ccccc2NC1=O,patent_267
384,CCOC(=O)C(CCCCOc1ccc(cc1)C(=O)OC)(Cc1c(Br)c(OC)c(OC)c(OC)c1OC)C(=O)OCC>>CCOC(=O)C1(CCCCOc2ccc(cc2)C(=O)OC)Cc2c(C1=O)c(OC)c(OC)c(OC)c2OC,patent_268
385,CCOC(=O)c1nc(Br)ccc1N.OB(O)C1CC1>>CCOC(=O)c1nc(ccc1N)C1CC1,patent_269
386,C=O.CC(C)=O.NC1CCC(C(CC#N)C1)N(Cc1ccccc1)Cc1ccccc1>>CC(C)N(C)C1CCC(C(CC#N)C1)N(Cc1ccccc1)Cc1ccccc1,patent_270
387,N#CC1CC1.Clc1ccccc1CBr>>Clc1ccccc1CC(=O)C1CC1,patent_271
388,CCCCc1ccc(Br)cc1.N#Cc1nccc2ccccc12>>CCCCc1ccc(cc1)C(=O)c1nccc2ccccc12,patent_272
389,[Mg+]C=C.CC(C)P(Cl)C(C)C>>CC(C)P(=O)(C=C)C(C)C,patent_273
390,Cc1nc(sc1C(OCc1ccc(C#N)c(Br)c1)C(F)(F)F)-c1ccc(cc1)C(F)(F)F.OB(O)C1CC1>>Cc1nc(sc1C(OCc1ccc(C#N)c(c1)C1CC1)C(F)(F)F)-c1ccc(cc1)C(F)(F)F,patent_274
391,Brc1ccc(cc1)-c1ccccc1.N#CC1CN2CCC1CC2>>O=C(C1CN2CCC1CC2)c1ccc(cc1)-c1ccccc1,patent_275
392,CC(C)(C)C(=O)Nc1cc2-c3ccccc3S(=O)(=O)c2cc1Br.CI>>Cc1cc2c(cc1NC(=O)C(C)(C)C)-c1ccccc1S2(=O)=O,patent_276
393,Fc1ccc(CBr)cc1.N#Cc1ccccc1>>Fc1ccc(CC(=O)c2ccccc2)cc1,patent_277
394,CC(C)(C)OC(=O)NC1CCC(N)CC1.C=O.CC(C)=O>>CC(C)N(C)C1CCC(CC1)NC(=O)OC(C)(C)C,patent_278
395,Cc1cnc(C#N)c(NS(=O)(=O)c2ccc(Cl)c(Cl)c2)c1.Ic1ncnc2[nH]ccc12>>Cc1cnc(C(=O)c2ncnc3[nH]ccc23)c(NS(=O)(=O)c2ccc(Cl)c(Cl)c2)c1,patent_279
456,[C-]#[O+].[C-]#[O+].CC(C)(OC(N1CCN(C(C2=CC=CC(N(=O)=O)=C2/C=C/C3=CC4=C(C=C3)OCO4)=O)CC1)=O)C>>CC(C)(OC(N5CCN(C(C6=CC=CC7=C6C=C(C8=CC9=C(C=C8)OCO9)N7)=O)CC5)=O)C.O=C=O.O=C=O,typical_59
590,[Li]OC1C2=CC(C)=CC=C2C1>>C=C1C=CC(C)=C/C1=C\O[Li],typical_193
597,OC(CCC(C1=CC=CC=C1)C2=CC=CC=C2)=O>>O=C1C2=CC=CC=C2[C@H](C3=CC=CC=C3)CC1.[H]O[H],typical_200
599,O[C@@H]1COC([C@@H]1O)=O.CC(C)=O>>CC1(O[C@@H]2COC([C@@H]2O1)=O)C.O,typical_202
600,CC1(O[C@@H]2COC([C@@H]2O1)=O)C>>CC1(O[C@@H]2COC([C@@H]2O1)O)C,typical_203
603,COC(CC/C=C/[C@@H]1OC(C)(O[C@@H]1CO[Si](C)(C(C)(C)C)C)C)=O.O>>COC(CC/C=C/[C@@H]1OC(C)(O[C@@H]1CO)C)=O.O[Si](C)(C(C)(C)C)C,typical_206
604,COC(CC/C=C/[C@@H]1OC(C)(O[C@@H]1CO)C)=O>>COC(CC/C=C/[C@@H]1OC(C)(O[C@@H]1C=O)C)=O,typical_207
612,NCC1CC1.ON=O>>C1CC=C1.N#N.O.O,typical_215
613,c1ccc(cc1)N=Nc1ccccc1>>Nc1ccc(cc1)-c1ccc(N)cc1,typical_216
618,C1CCC=CC1.O>>OC1CCCCC1,typical_221
627,Oc1ccccc1.CCOC(=O)CC(=O)CC>>CCC1=CC(=O)Oc2ccccc12.CCO.O,typical_230
630,CO\C=C\C=C.CCOC(=O)C(=O)C(=O)OCC>>CCOC(=O)C1(CC=CC(OC)O1)C(=O)OCC,typical_233
632,[H][C@@]1(C\C=C\C=O)N([C@@H](CC2=C1Nc1ccccc21)C(=O)OC)C(=O)\C=C\C>>[H][C@]12C[C@]3([H])N([C@@H](CC4=C3Nc3ccccc43)C(=O)OC)C(=O)[C@@]1([H])[C@H](C)OC=C2,typical_235
633,CO\C=C\C(=C)O[Si](C)(C)C.O=C1OC(=O)C=C1>>[H][C@]12CC(=O)C[C@@H](OC)[C@@]1([H])C(=O)OC2=O,typical_236
634,CC\C=C\C=C\[C@H](CCC(=O)NO)OCc1ccccc1>>[H][C@]12C=C[C@@H](CC)ON1C(=O)CC[C@@H]2OCC1=CC=CC=C1,typical_237
636,OC1=NC2=CC=CC=C2N=C1CC.CC(C)C=O.NCCOC.[C-]#[N+]C1CCCCC1>>CCC1=C(N(C(C(NC2CCCCC2)=O)C(C)C)CCOC)N=C3C(C=CC=C3)=N1.[H]O[H],typical_239
